{"cameraMode":{"drawMode":0,"name":"Shaded","section":"Shading Mode"},"sceneLighting":false,"audioPlay":false,"sceneViewState":{"showFog":true,"showMaterialUpdate":false,"showSkybox":false,"showFlares":true,"showImageEffects":true,"showParticleSystems":true},"in2DMode":false,"pivot":{"x":-0.08759593963623047,"y":1.9165589809417725,"z":22.007219314575197},"rotation":{"x":0.20976662635803224,"y":0.4167947769165039,"z":-0.09955056756734848,"w":0.878938615322113},"size":1.8686864376068116,"orthographic":false}