{"cameraMode":{"drawMode":0,"name":"Shaded","section":"Shading Mode"},"sceneLighting":false,"audioPlay":false,"sceneViewState":{"showFog":true,"showMaterialUpdate":false,"showSkybox":false,"showFlares":true,"showImageEffects":true,"showParticleSystems":true},"in2DMode":false,"pivot":{"x":-0.08759593963623047,"y":1.9165589809417725,"z":22.007219314575197},"rotation":{"x":0.18336600065231324,"y":0.06512882560491562,"z":-0.012257159687578678,"w":0.980897068977356},"size":9.013601303100586,"orthographic":false}