{"cameraMode":{"drawMode":0,"name":"Shaded","section":"Shading Mode"},"sceneLighting":true,"audioPlay":false,"sceneViewState":{"showFog":true,"showMaterialUpdate":false,"showSkybox":true,"showFlares":true,"showImageEffects":true,"showParticleSystems":true},"in2DMode":false,"pivot":{"x":-9.16966438293457,"y":-1.6243658065795899,"z":27.83175277709961},"rotation":{"x":-0.20102772116661073,"y":0.35816141963005068,"z":-0.07926855236291886,"w":-0.908309817314148},"size":13.969438552856446,"orthographic":false}