{"cameraMode":{"drawMode":0,"name":"Shaded","section":"Shading Mode"},"sceneLighting":false,"audioPlay":false,"sceneViewState":{"showFog":true,"showMaterialUpdate":false,"showSkybox":false,"showFlares":true,"showImageEffects":true,"showParticleSystems":true},"in2DMode":false,"pivot":{"x":-0.5400002002716065,"y":2.19889235496521,"z":39.37736511230469},"rotation":{"x":-0.0000019966557829320665,"y":-0.035411104559898379,"z":-0.00007125394040485844,"w":-0.999458909034729},"size":3.1828789710998537,"orthographic":false}