{"cameraMode":{"drawMode":0,"name":"Shaded","section":"Shading Mode"},"sceneLighting":false,"audioPlay":false,"sceneViewState":{"showFog":true,"showMaterialUpdate":false,"showSkybox":false,"showFlares":true,"showImageEffects":true,"showParticleSystems":true},"in2DMode":false,"pivot":{"x":0.0,"y":1.960209846496582,"z":21.905702590942384},"rotation":{"x":0.14945924282073975,"y":0.00033017658279277384,"z":0.000021255222236504778,"w":0.9889146089553833},"size":1.5688380002975464,"orthographic":false}