{"cameraMode":{"drawMode":0,"name":"Shaded","section":"Shading Mode"},"sceneLighting":true,"audioPlay":false,"sceneViewState":{"showFog":true,"showMaterialUpdate":false,"showSkybox":false,"showFlares":true,"showImageEffects":true,"showParticleSystems":true},"in2DMode":false,"pivot":{"x":-5.2982177734375,"y":-44.168853759765628,"z":557.4349365234375},"rotation":{"x":0.1831279993057251,"y":0.22488822042942048,"z":-0.04231609031558037,"w":0.9565192461013794},"size":686.0692138671875,"orthographic":false}