{"cameraMode":{"drawMode":0,"name":"Shaded","section":"Shading Mode"},"sceneLighting":false,"audioPlay":false,"sceneViewState":{"showFog":true,"showMaterialUpdate":false,"showSkybox":false,"showFlares":true,"showImageEffects":true,"showParticleSystems":true},"in2DMode":false,"pivot":{"x":0.0,"y":1.9165589809417725,"z":60.63722229003906},"rotation":{"x":0.17885524034500123,"y":0.13751238584518434,"z":-0.024669179692864419,"w":0.9741449952125549},"size":11.12519645690918,"orthographic":false}