{"cameraMode":{"drawMode":0,"name":"Shaded","section":"Shading Mode"},"sceneLighting":false,"audioPlay":false,"sceneViewState":{"showFog":true,"showMaterialUpdate":false,"showSkybox":false,"showFlares":true,"showImageEffects":true,"showParticleSystems":true},"in2DMode":false,"pivot":{"x":0.0,"y":2.559999942779541,"z":3.669999599456787},"rotation":{"x":-0.002443934790790081,"y":-0.9976127743721008,"z":0.046420302242040637,"w":-0.05180824548006058},"size":1.837117314338684,"orthographic":false}