{"cameraMode":{"drawMode":0,"name":"Shaded","section":"Shading Mode"},"sceneLighting":false,"audioPlay":false,"sceneViewState":{"showFog":true,"showMaterialUpdate":false,"showSkybox":false,"showFlares":true,"showImageEffects":true,"showParticleSystems":true},"in2DMode":false,"pivot":{"x":0.28999996185302737,"y":1.9200000762939454,"z":110.69999694824219},"rotation":{"x":0.04497571662068367,"y":-0.02535412833094597,"z":0.0016070210840553046,"w":0.9991030693054199},"size":7.267667293548584,"orthographic":false}