{"cameraMode":{"drawMode":0,"name":"Shaded","section":"Shading Mode"},"sceneLighting":false,"audioPlay":false,"sceneViewState":{"showFog":true,"showMaterialUpdate":false,"showSkybox":false,"showFlares":true,"showImageEffects":true,"showParticleSystems":true},"in2DMode":false,"pivot":{"x":-0.0006323456764221191,"y":0.8911533355712891,"z":0.0887262225151062},"rotation":{"x":-0.06445980817079544,"y":-0.002411055378615856,"z":0.0001386426156386733,"w":-0.9979979395866394},"size":1.8070347309112549,"orthographic":false}