{"cameraMode":{"drawMode":0,"name":"Shaded","section":"Shading Mode"},"sceneLighting":false,"audioPlay":false,"sceneViewState":{"showFog":true,"showMaterialUpdate":false,"showSkybox":false,"showFlares":true,"showImageEffects":true,"showParticleSystems":true},"in2DMode":false,"pivot":{"x":-1.2943603992462159,"y":1.2237482070922852,"z":22.35456085205078},"rotation":{"x":-0.30695784091949465,"y":-0.010867634788155556,"z":0.0034730080515146257,"w":-0.9517062306404114},"size":7.895414352416992,"orthographic":false}